﻿doc,label
``The turntable is now outselling the electric guitar...'',neutral
K-19: The Widowmaker is a great yarn.,positive
"``The Dangerous Lives of Altar Boys'' has flaws, but it also has humor and heart and very talented young actors",positive
Much of the movie's charm lies in the utter cuteness of Stuart and Margolo.,positive
"The people in Jessica are so recognizable and true that, as in real life, we're never sure how things will work out.",positive
"So we got Ten Little Indians meets Friday the 13th by way of Clean and Sober, filmed on the set of Carpenter's The Thing and loaded with actors you're most likely to find on the next inevitable incarnation of The Love Boat.",negative
Runs on the pure adrenalin of Pacino's performance.,positive
`Sophisticated' viewers who refuse to admit that they don't like it will likely call it `challenging' to their fellow sophisticates.,neutral
"Bisset delivers a game performance, but she is unable to save the movie.",neutral